Node;x;z;r
1;0.0;0.0;-0.040000000000000001
2;0.0;0.0;0.040000000000000001
